/*
SQLyog 企业版 - MySQL GUI v8.14 
MySQL - 5.5.27 : Database - ltyp
*********************************************************************
*/

/*!40101 SET NAMES utf8 */;

/*!40101 SET SQL_MODE=''*/;

/*!40014 SET @OLD_UNIQUE_CHECKS=@@UNIQUE_CHECKS, UNIQUE_CHECKS=0 */;
/*!40014 SET @OLD_FOREIGN_KEY_CHECKS=@@FOREIGN_KEY_CHECKS, FOREIGN_KEY_CHECKS=0 */;
/*!40101 SET @OLD_SQL_MODE=@@SQL_MODE, SQL_MODE='NO_AUTO_VALUE_ON_ZERO' */;
/*!40111 SET @OLD_SQL_NOTES=@@SQL_NOTES, SQL_NOTES=0 */;
CREATE DATABASE /*!32312 IF NOT EXISTS*/`ltyp` /*!40100 DEFAULT CHARACTER SET utf8 */;

USE `ltyp`;

/*Table structure for table `comment` */

DROP TABLE IF EXISTS `comment`;

CREATE TABLE `comment` (
  `comm_id` varchar(50) NOT NULL,
  `user_id` varchar(50) DEFAULT NULL,
  `movie_id` varchar(50) DEFAULT NULL,
  `comm_detail` text,
  `create_time` date DEFAULT NULL,
  `update_time` date DEFAULT NULL,
  PRIMARY KEY (`comm_id`)
) ENGINE=InnoDB DEFAULT CHARSET=utf8;

/*Data for the table `comment` */

insert  into `comment`(`comm_id`,`user_id`,`movie_id`,`comm_detail`,`create_time`,`update_time`) values ('123','1','1','好看啊!!!','2017-10-20','2017-10-20'),('1234','2','1','好看你麻痹','2017-10-20','2017-10-21'),('204d3af5-421b-44f4-8b89-2b4f9b6c951c','0c04769b-e06e-4195-8594-2a318236a172','1','你妈死了','2017-10-20','2017-10-20');

/*Table structure for table `movie_image` */

DROP TABLE IF EXISTS `movie_image`;

CREATE TABLE `movie_image` (
  `image_id` varchar(50) NOT NULL,
  `movie_id` varchar(50) DEFAULT NULL,
  `image_url` varchar(255) DEFAULT NULL,
  PRIMARY KEY (`image_id`)
) ENGINE=InnoDB DEFAULT CHARSET=utf8;

/*Data for the table `movie_image` */

insert  into `movie_image`(`image_id`,`movie_id`,`image_url`) values ('1','1','staticfile/images/xsk1.jpg'),('10','4','staticfile/images/zqbg1.jpg'),('100','34','staticfile/images/txwz1.jpg'),('101','34','staticfile/images/txwz2.jpg'),('102','34','staticfile/images/txwz3.jpg'),('103','35','staticfile/images/qad1.jpg'),('104','35','staticfile/images/qad2.jpg'),('105','35','staticfile/images/qad3.jpg'),('106','36','staticfile/images/kb1.jpg'),('107','36','staticfile/images/kb2.jpg'),('108','36','staticfile/images/kb3.jpg'),('109','37','staticfile/images/zy1.jpg'),('11','4','staticfile/images/zqbg2.jpg'),('110','37','staticfile/images/zy2.jpg'),('111','37','staticfile/images/zy3.jpg'),('112','38','staticfile/images/jsjj1.jpg'),('113','38','staticfile/images/jsjj2.jpg'),('114','38','staticfile/images/jsjj3.jpg'),('115','39','staticfile/images/bx1.jpg'),('116','39','staticfile/images/bx2.jpg'),('117','39','staticfile/images/bx3.jpg'),('118','40','staticfile/images/gld1.jpg'),('119','40','staticfile/images/gld2.jpg'),('12','4','staticfile/images/zqbg3.jpg'),('120','40','staticfile/images/gld3.jpg'),('121','41','staticfile/images/has1.jpg'),('122','41','staticfile/images/has2.jpg'),('123','41','staticfile/images/has3.jpg'),('124','42','staticfile/images/qf1.jpg'),('125','42','staticfile/images/qf2.jpg'),('126','42','staticfile/images/qf3.jpg'),('127','43','staticfile/images/sm1.jpg'),('128','43','staticfile/images/sm2.jpg'),('129','43','staticfile/images/sm3.jpg'),('13','5','staticfile/images/jf1.jpg'),('130','44','staticfile/images/lc1.jpg'),('131','44','staticfile/images/lc2.jpg'),('132','44','staticfile/images/lc3.jpg'),('133','45','staticfile/images/gd1.jpg'),('134','45','staticfile/images/gd2.jpg'),('135','45','staticfile/images/gd3.jpg'),('136','46','staticfile/images/ph1.jpg'),('137','46','staticfile/images/ph2.jpg'),('138','46','staticfile/images/ph3.jpg'),('139','47','staticfile/images/tpoh1.jpg'),('14','5','staticfile/images/jf2.jpg'),('140','47','staticfile/images/tpoh2.jpg'),('141','47','staticfile/images/tpoh3.jpg'),('142','48','staticfile/images/accept1.jpg'),('143','48','staticfile/images/accept2.jpg'),('144','48','staticfile/images/accept3.jpg'),('145','49','staticfile/images/tz1.jpg'),('146','49','staticfile/images/tz2.jpg'),('147','49','staticfile/images/tz3.jpg'),('148','50','staticfile/images/gfyj1.jpg'),('149','50','staticfile/images/gfyj2.jpg'),('15','5','staticfile/images/jf3.jpg'),('150','50','staticfile/images/gfyj3.jpg'),('151','51','staticfile/images/xxdtq1.jpg'),('152','51','staticfile/images/xxdtq2.jpg'),('153','51','staticfile/images/xxdtq3.jpg'),('154','52','staticfile/images/hlxjr1.jpg'),('155','52','staticfile/images/hlxjr2.jpg'),('156','52','staticfile/images/hlxjr3.jpg'),('157','53','staticfile/images/sl33t1.jpg'),('158','53','staticfile/images/sl33t2.jpg'),('159','53','staticfile/images/sl33t3.jpg'),('16','6','staticfile/images/cbkj1.jpg'),('160','54','staticfile/images/rzjt1.jpg'),('161','54','staticfile/images/rzjt2.jpg'),('162','54','staticfile/images/rzjt3.jpg'),('163','55','staticfile/images/ph1.jpg'),('164','55','staticfile/images/ph2.jpg'),('165','55','staticfile/images/ph3.jpg'),('166','56','staticfile/images/sl1.jpg'),('167','56','staticfile/images/sl2.jpg'),('168','56','staticfile/images/sl3.jpg'),('169','57','staticfile/images/zl1.jpg'),('17','6','staticfile/images/cbkj2.jpg'),('170','57','staticfile/images/zl2.jpg'),('171','57','staticfile/images/zl3.jpg'),('172','58','staticfile/images/hr1.jpg'),('173','58','staticfile/images/hr2.jpg'),('174','58','staticfile/images/hr3.jpg'),('175','59','staticfile/images/dkrk1.jpg'),('176','59','staticfile/images/dkrk2.jpg'),('177','59','staticfile/images/dkrk3.jpg'),('178','60','staticfile/images/spr1.jpg'),('179','60','staticfile/images/spr2.jpg'),('18','6','staticfile/images/cbkj3.jpg'),('180','60','staticfile/images/spr3.jpg'),('19','7','staticfile/images/jqrzdy1.jpg'),('2','1','staticfile/images/xsk2.jpg'),('20','7','staticfile/images/jqrzdy2.jpg'),('21','7','staticfile/images/jqrzdy3.jpg'),('22','8','staticfile/images/lm1.jpg'),('23','8','staticfile/images/lm2.jpg'),('24','8','staticfile/images/lm3.jpg'),('25','9','staticfile/images/nznh1.jpg'),('26','9','staticfile/images/nznh2.jpg'),('27','9','staticfile/images/nznh3.jpg'),('28','10','staticfile/images/gsdlgs1.jpg'),('29','10','staticfile/images/gsdlgs2.jpg'),('3','1','staticfile/images/xsk3.jpg'),('30','10','staticfile/images/gsdlgs3.jpg'),('31','11','staticfile/images/qhsl1.jpg'),('32','11','staticfile/images/qhsl2.jpg'),('33','11','staticfile/images/qhsl3.jpg'),('34','12','staticfile/images/gqjdd1.jpg'),('35','12','staticfile/images/gqjdd2.jpg'),('36','12','staticfile/images/gqjdd3.jpg'),('37','13','staticfile/images/prxd1.jpg'),('38','13','staticfile/images/prxd2.jpg'),('39','13','staticfile/images/prxd3.jpg'),('4','2','staticfile/images/mlrs1.jpg'),('40','14','staticfile/images/ttnkh1.jpg'),('41','14','staticfile/images/ttnkh2.jpg'),('42','14','staticfile/images/ttnkh3.jpg'),('43','15','staticfile/images/xxldmlcs1.jpg'),('44','15','staticfile/images/xxldmlcs2.jpg'),('45','15','staticfile/images/xxldmlcs3.jpg'),('46','16','staticfile/images/amypj1.jpg'),('47','16','staticfile/images/amypj2.jpg'),('48','16','staticfile/images/amypj3.jpg'),('49','17','staticfile/images/llbjb1.jpg'),('5','2','staticfile/images/mlrs2.jpg'),('50','17','staticfile/images/llbjb2.jpg'),('51','17','staticfile/images/llbjb3.jpg'),('52','18','staticfile/images/ayzc1.jpg'),('53','18','staticfile/images/ayzc2.jpg'),('54','18','staticfile/images/ayzc3.jpg'),('55','19','staticfile/images/dmkj1.jpg'),('56','19','staticfile/images/dmkj2.jpg'),('57','19','staticfile/images/dmkj3.jpg'),('58','20','staticfile/images/vzcsd1.jpg'),('59','20','staticfile/images/vzcsd2.jpg'),('6','2','staticfile/images/mlrs3.jpg'),('60','20','staticfile/images/vzcsd3.jpg'),('61','21','staticfile/images/zjz1.jpg'),('62','21','staticfile/images/zjz2.jpg'),('63','21','staticfile/images/zjz3.jpg'),('64','22','staticfile/images/ydm1.jpg'),('65','22','staticfile/images/ydm2.jpg'),('66','22','staticfile/images/ydm3.jpg'),('67','23','staticfile/images/xjcy1.jpg'),('68','23','staticfile/images/xjcy2.jpg'),('69','23','staticfile/images/xjcy3.jpg'),('7','3','staticfile/images/hsgqs1.jpg'),('70','24','staticfile/images/sjlxzdqz1.jpg'),('71','24','staticfile/images/sjlxzdqz2.jpg'),('72','24','staticfile/images/sjlxzdqz3.jpg'),('73','25','staticfile/images/wjd1.jpg'),('74','25','staticfile/images/wjd2.jpg'),('75','25','staticfile/images/wjd3.jpg'),('76','26','staticfile/images/ygdx1.jpg'),('77','26','staticfile/images/ygdx2.jpg'),('78','26','staticfile/images/ygdx3.jpg'),('79','27','staticfile/images/bjjdjg1.jpg'),('8','3','staticfile/images/hsgqs2.jpg'),('80','27','staticfile/images/bjjdjg2.jpg'),('81','27','staticfile/images/bjjdjg3.jpg'),('82','28','staticfile/images/sdzc1.jpg'),('83','28','staticfile/images/sdzc2.jpg'),('84','28','staticfile/images/sdzc3.jpg'),('85','29','staticfile/images/dwys1.jpg'),('86','29','staticfile/images/dwys2.jpg'),('87','29','staticfile/images/dwys3.jpg'),('88','30','staticfile/images/tjl1.jpg'),('89','30','staticfile/images/tjl2.jpg'),('9','3','staticfile/images/hsgqs3.jpg'),('90','30','staticfile/images/tjl3.jpg'),('91','31','staticfile/images/zl1.jpg'),('92','31','staticfile/images/zl2.jpg'),('93','31','staticfile/images/zl3.jpg'),('94','32','staticfile/images/kkxl1.jpg'),('95','32','staticfile/images/kkxl2.jpg'),('96','32','staticfile/images/kkxl3.jpg'),('97','33','staticfile/images/nysm1.jpg'),('98','33','staticfile/images/nysm2.jpg'),('99','33','staticfile/images/nysm99.jpg');

/*Table structure for table `movie_info` */

DROP TABLE IF EXISTS `movie_info`;

CREATE TABLE `movie_info` (
  `movie_id` varchar(50) NOT NULL,
  `movie_name` varchar(255) DEFAULT NULL COMMENT '多个名字',
  `show_time` date DEFAULT NULL,
  `description` text COMMENT '剧情简介',
  `avgscore` double DEFAULT NULL,
  `director` varchar(20) DEFAULT NULL,
  `actor` varchar(255) DEFAULT NULL COMMENT '主演',
  `poster` varchar(255) DEFAULT NULL COMMENT '路径',
  `playtime` varchar(50) DEFAULT NULL,
  `country` varchar(20) DEFAULT NULL,
  `create_time` date DEFAULT NULL,
  `update_time` date DEFAULT NULL,
  PRIMARY KEY (`movie_id`)
) ENGINE=InnoDB DEFAULT CHARSET=utf8;

/*Data for the table `movie_info` */

insert  into `movie_info`(`movie_id`,`movie_name`,`show_time`,`description`,`avgscore`,`director`,`actor`,`poster`,`playtime`,`country`,`create_time`,`update_time`) values ('1','肖申克的救赎 The Shawshank Redemption (1994)','1994-09-10','20世纪40年代末，小有成就的青年银行家安迪（蒂姆·罗宾斯 Tim Robbins 饰）因涉嫌杀害妻子及她的情人而锒铛入狱。在这座名为肖申克的监狱内，希望似乎虚无缥缈，终身监禁的惩罚无疑注定了安迪接下来灰暗绝望的人生。未过多久，安迪尝试接近囚犯中颇有声望的瑞德（摩根·弗里曼 Morgan Freeman 饰），请求对方帮自己搞来小锤子。以此为契机，二人逐渐熟稔，安迪也仿佛在鱼龙混杂、罪恶横生、黑白混淆的牢狱中找到属于自己的求生之道。他利用自身的专业知识，帮助监狱管理层逃税、洗黑钱，同时凭借与瑞德的交往在犯人中间也渐渐受到礼遇。表面看来，他已如瑞德那样对那堵高墙从憎恨转变为处之泰然，但是对自由的渴望仍促使他朝着心中的希望和目标前进。而关于其罪行的真相，似乎更使这一切朝前推进了一步…… \r\n　　本片根据著名作家斯蒂芬·金（Stephen Edwin King）的原著改编。',0,'弗兰克·德拉邦德',' 蒂姆·罗宾斯 / 摩根·弗里曼 / 鲍勃·冈顿 / 威廉姆·赛德勒 / 克兰西·布朗 / 吉尔·贝罗斯 / 马克·罗斯顿 ','staticfile/images/xsk1.jpg','142分钟','美国',NULL,NULL),('10','怪兽电力公司 Monsters, Inc. (2001)','2001-11-02','我们不知道，在那样的世界里住着那样一群怪物。他们长相滑稽，却必须装作狰狞。因为，在夜深的时候，他们要悄悄的出现在孩子的衣橱里，吓唬刚刚甜美睡去的宝宝。一切，只因为他们是怪物电力公司的员工，而孩子的尖叫，则是怪物王国发电的全部能量。怪物们害怕孩子，却又必须让孩子尖叫。在怪物的国度里，他们都是为全民造福的英雄。 \r\n　　毛怪苏利文（约翰•古德曼）是怪物公司最出色的员工，业绩总是摇摇领先，他吓哭的小孩儿不计其数。他与搭档大眼怪麦克（比利•克里斯托）很受大家的爱戴。一次偶然，毛怪不小心把一个两岁的小女孩阿布（玛丽•吉布斯）带回了怪物世界，引起了极大的恐慌，调皮可爱的阿布把这些可怕的怪物吓的人仰马翻。警方在追捕阿布，而坏蛋亨利（詹姆斯•柯博）也计划利用阿布进行他改革工厂的邪恶计划。 \r\n　　另一方面，在与阿布相处的过程中，毛怪渐渐对她产生莫名的情愫，甚至因此被放逐野外。可是一切都不能抵挡毛怪拯救女孩的信念，为了阿布，毛怪踏上了艰险的旅程……',0,'彼特·道格特','安德鲁·斯坦顿 / 丹尼尔·吉尔森 / 罗伯特·L·贝尔德 / 略特·里斯 / 乔纳森·罗伯特 / 彼特·道格特 / 杰夫·皮金 / 吉尔·卡尔顿 / 拉夫·埃格尔斯顿','staticfile/images/gsdlgs1.jpg','92分钟','美国',NULL,NULL),('11','奇幻森林 The Jungle Book (2016)','2016-04-15','茂密的原始森林中，生活着人类小孩毛克利（尼尔·塞西 Neel Sethi 饰）。因某种原因他很小就成为了孤儿，黑豹巴希拉（本·金斯利 Ben Kingsley 配音）最先找到了他，并将毛克利托付给狼族的首领阿克拉。从此以后，毛克利以狼的身份在森林里成长起来，和他的兄弟姐妹们学习捕猎和求生技巧。然而并非所有动物都接受毛克利的存在，特别是曾被人类伤害的老虎谢利·可汗（伊德里斯·艾尔巴 Idris Elba 配音），更将男孩视为眼中钉肉中刺。谢利·可汗向狼族发出威胁，众狼们不得不为族群的命运做出考量。毛克利不希望“家人”为难，他选择离开狼群，而唯一陪伴他的巴希拉则希望带着男孩回归人类世界。 \r\n　　即便如此，谢利·可汗也绝不肯善罢甘休，他对男孩展开了无休止的追杀……',0,'乔恩·费儒','尼尔·塞西 / 比尔·默瑞 / 本·金斯利 / 伊德里斯·艾尔巴 / 露皮塔·尼永奥 /','staticfile/images/qhsl1.jpg','106分钟','美国',NULL,NULL),('12','攻壳机动队 攻殻機動隊 (1995)','1995-11-18','公元2029年，未来世界是高科技与信息化的世界。人类生活水平的提高伴随着犯罪活动的高科技化，于是，专门镇压高科技犯罪的特殊部队——公安9课成立了。队长草薙素子，作为一位全身“义体化”的女警，带领公安9课不断展开行动。 \r\n　　是次，公安9课帮助公安6课秘密解决了一位程序员外逃他国的麻烦琐事，又卷入传说中的黑客“傀儡师”的犯罪事件。当行动陷入僵局之际，傀儡师竟然不请自来，出现在公安9课！素子与她的战友们，不知不觉地被卷入了一场涉及政府的阴谋之中。',0,'押井守','田中敦子 / 大塚明夫 / 山寺宏一 / 大木民夫 / 家弓家正 /','staticfile/images/gqjdd1.jpg','83分钟','日本',NULL,NULL),('13','怦然心动 Flipped (2010)','2010-08-06','布莱斯（卡兰•麦克奥利菲 Callan McAuliffe 饰）全家搬到小镇，邻家女孩朱丽（玛德琳•卡罗尔 Madeline Carroll 饰）前来帮忙。她对他一见钟情，心愿是获得他的吻。两人是同班同学，她一直想方设法接近他，但是他避之不及。她喜欢爬在高高的梧桐树上看风景。但因为施工，树被要被砍掉，她誓死捍卫，希望他并肩作战，但是他退缩了。她的事迹上了报纸，外公对她颇有好感，令他十分困惑。她凭借鸡下蛋的项目获得了科技展第一名，成了全场焦点，令他黯然失色。她把自家鸡蛋送给他，他听家人怀疑她家鸡蛋不卫生，便偷偷把鸡蛋丢掉。她得知真相，很伤心，两人关系跌入冰点。她跟家人诉说，引发争吵。原来父亲一直攒钱照顾傻弟弟，所以生活拮据。她理解了父母，自己动手，还得到了他外公的鼎力相助。他向她道歉，但是并未解决问题。他开始关注她。鸡蛋风波未平，家庭晚宴与午餐男孩评选又把两人扯在了一起……',0,'罗伯·莱纳','罗伯·莱纳 / 安德鲁·沙因曼 / 文德琳·范·德拉安南\r\n主演: 玛德琳·卡罗尔 / 卡兰·麦克奥利菲 / 瑞贝卡·德·莫妮 / 安东尼·爱德华兹 ','staticfile/images/prxd1.jpg','90分钟','美国',NULL,NULL),('14','泰坦尼克号 Titanic (1997)','1997-11-01','1912年4月10日，号称 “世界工业史上的奇迹”的豪华客轮泰坦尼克号开始了自己的处女航，从英国的南安普顿出发驶往美国纽约。富家少女罗丝（凯特•温丝莱特）与母亲及未婚夫卡尔坐上了头等舱；另一边，放荡不羁的少年画家杰克（莱昂纳多·迪卡普里奥）也在码头的一场赌博中赢得了下等舱的船票。 \r\n　　罗丝厌倦了上流社会虚伪的生活，不愿嫁给卡尔，打算投海自尽，被杰克救起。很快，美丽活泼的罗丝与英俊开朗的杰克相爱，杰克带罗丝参加下等舱的舞会、为她画像，二人的感情逐渐升温。 \r\n　　1912年4月14日，星期天晚上，一个风平浪静的夜晚。泰坦尼克号撞上了冰山，“永不沉没的”泰坦尼克号面临沉船的命运，罗丝和杰克刚萌芽的爱情也将经历生死的考验',0,'詹姆斯·卡梅隆','莱昂纳多·迪卡普里奥 / 凯特·温丝莱特 / 比利·赞恩 / 凯西·贝茨 / 弗兰西丝·费舍 ','staticfile/images/ttnkh1.jpg','194分钟','美国',NULL,NULL),('15','西西里的美丽传说 Malèna (2000)','2017-10-27','当我还只是十三岁时，1941年春末的那一天，我初次见到了她那一天，墨索里尼向英法宣战，而我，得到了生命里的第一辆脚踏车。 \r\n　　她，撩著波浪状黑亮的秀发，穿著最时髦的短裙和丝袜，踏著充满情欲诱惑的高跟鞋，来到了西西里岛上宁静的阳光小镇。她的一举一动都引人瞩目、勾人遐想，她的一颦一笑都教男人心醉、女人羡妒。玛莲娜，像个女神一般，征服了这个海滨的天堂乐园。 \r\n　　年仅十三岁的雷纳多也不由自主地掉进了玛莲娜所掀起的漩涡之中，他不仅跟著其他年纪较大的青少年们一起骑著单车，穿梭在小镇的各个角落，搜寻著玛莲娜的诱人丰姿与万种风情，还悄悄地成为她不知情的小跟班，如影随形地跟监、窥视她的生活。她摇曳的倩影、她聆听的音乐、她贴身的衣物都成为这个被荷尔蒙淹没的少年，最真实、最美好的情欲幻想。 \r\n　　然而，透过雷纳多的眼，我们也看到了玛莲娜掉进了越来越黑暗的处境之中，她变成了寡妇，而在镇民们的眼中，她也成了不折不扣的祸水，带来了淫欲、嫉妒与忿怒，而一股夹杂著情欲与激愤的风暴，开始袭卷这个连战争都未曾侵扰的小镇。 \r\n　　玛莲娜一步步地沉沦，与父亲断绝了关系、被送上法院，更失去了所有的财产，这使得向来天真、不经世事的雷纳多，被迫面对这纯朴小镇中，人心的残暴无情，看著已经一无所有的玛莲娜，雷纳多竟鼓起了他所不曾有过的勇气，决定靠著他自己的力量，以一种教人难以料想的方式，来帮助玛莲娜走出生命的泥沼……',0,'朱塞佩·托纳多雷','莫妮卡·贝鲁奇 / 朱塞佩·苏尔法罗 / Luciano Federico / Matilde Piana / 埃丽萨·莫鲁奇','staticfile/images/xxldmlcs1.jpg','109分钟','意大利/美国',NULL,NULL),('16','傲慢与偏见 Pride & Prejudice (2005)','2005-09-16','根据简·奥斯汀同名小说改编。伊丽莎白·班纳特(凯拉·奈特丽 饰)出身于小地主家庭，有四个姐妹，母亲班纳特太太整天操心着为女儿物色称心如意的丈夫。新来的邻居宾格来先生和他的朋友达西（马修·麦克菲迪恩 饰）打破了她们一家人单调的乡村生活。宾格来和伊丽莎白的姐姐简·班纳特互生情愫；达西对善良聪明的伊丽莎白产生了好感，而伊丽莎白却对达西不可一世的傲慢心存偏见，不接受他的感情。然而，世事难料，宾格来和简·班纳特因为误会，关系危在旦夕；达西的种种作为，展示了性格中和伊丽莎白相同的善良一面，逐渐赢得了伊丽莎白的好感。两对有情人能否终成眷属？班纳特姐妹们能否得到自己想要的生活？ \r\n　　简·奥斯汀笔下十九世纪初英国乡村生活和社会风貌，重新展现在大银幕上',0,'乔·赖特','凯拉·奈特莉 / 马修·麦克费登 / 唐纳德·萨瑟兰 / 布兰达·布莱斯 / 凯瑞·穆里根','staticfile/images/amypj1.jpg','129分钟/135分钟(加拿大)','法美英',NULL,NULL),('17','恋恋笔记本 The Notebook (2004)','2004-06-25','一个浸润着鲜红与纯白的爱情故事，写在一本洒满昏黄的笔记本上，被一位老先生(詹姆斯•加纳饰)，一遍一遍的讲述。老太太(吉娜•罗兰饰)总是静静的听着，好奇的追问结果。在一家疗养院，这样不变的场景每天都会上演。 \r\n　　笔记本上，秀美的字迹，记载着发生在那个夏天的爱情。艾莉(蕾切尔•麦克亚当斯饰)是富有人家的千金，她随家人来到小镇避暑。在一个充满梦幻的游乐场，邂逅了诺亚(莱安•高斯利饰)。诺亚没有钱，却活的很快乐。艾莉在他那学会了自由，得到了欢笑，两人很快热恋起来。然而在艾莉父母的阻挠下，相爱的两个人，就被分开在夏天结束的那一刻。随着诺亚的365封信被偷偷藏起，艾莉在7年后终于放弃了等待。就在她要步入教堂的前一天，突然在报纸上看到了诺亚曾许诺给自己建造的白色房子。一切记忆，全部苏醒…… \r\n　　也许，应该苏醒的，不是故事中的，而是听故事的人',0,'尼克·卡萨维茨','瑞恩·高斯林 / 瑞秋·麦克亚当斯 / 吉娜·罗兰兹 / 詹姆斯·加纳 / 斯塔尔勒塔·杜波利斯','staticfile/images/llbjb1.jpg','123分钟','美国',NULL,NULL),('18','爱乐之城 La La Land (2016)','2016-12-25','米娅（艾玛·斯通 Emma Stone 饰）渴望成为一名演员，但至今她仍旧只是片场咖啡厅里的一名平凡的咖啡师，尽管不停的参加着大大小小的试镜，但米娅收获的只有失败。某日，在一场派对之中，米娅邂逅了名为塞巴斯汀（瑞恩·高斯林 Ryan Gosling 饰）的男子，起初两人之间产生了小小的矛盾，但很快，米娅便被塞巴斯汀身上闪耀的才华以及他对爵士乐的纯粹追求所吸引，最终两人走到了一起。 \r\n　　在塞巴斯汀的鼓励下，米娅辞掉了咖啡厅的工作，专心为自己写起了剧本，与此同时，塞巴斯汀为了获得一份稳定的收入，加入了一支流行爵士乐队，开始演奏自己并不喜欢的现代爵士乐，没想到一炮而红。随着时间的推移，努力追求梦想的两人，彼此之间的距离却越来越远，在理想和感情之间，他们必须做出选择。',0,'达米恩·查泽雷','瑞恩·高斯林 / 艾玛·斯通 / 约翰·传奇 / 罗丝玛丽·德薇特 / 芬·维特洛克','staticfile/images/ayzc1.jpg','128分钟','美国',NULL,NULL),('19','盗梦空间 Inception (2010)','2010-07-16','道姆·柯布（莱昂纳多·迪卡普里奥 Leonardo DiCaprio 饰）与同事阿瑟（约瑟夫·戈登-莱维特 Joseph Gordon-Levitt 饰）和纳什（卢卡斯·哈斯 Lukas Haas 饰）在一次针对日本能源大亨齐藤（渡边谦 饰）的盗梦行动中失败，反被齐藤利用。齐藤威逼利诱因遭通缉而流亡海外的柯布帮他拆分他竞争对手的公司，采取极端措施在其唯一继承人罗伯特·费希尔（希里安·墨菲 Cillian Murphy 饰）的深层潜意识中种下放弃家族公司、自立门户的想法。为了重返美国，柯布偷偷求助于岳父迈尔斯（迈克尔·凯恩 Michael Caine 饰），吸收了年轻的梦境设计师艾里阿德妮（艾伦·佩吉 Ellen Page 饰）、梦境演员艾姆斯（汤姆·哈迪 Tom Hardy 饰）和药剂师约瑟夫（迪利普·劳 Dileep Rao 饰）加入行动。在一层层递进的梦境中，柯布不仅要对付费希尔潜意识的本能反抗，还必须直面已逝妻子梅尔（玛丽昂·歌迪亚 Marion Cotillard 饰）的处处破坏，实际情况远比预想危险得多……',0,'克里斯托弗·诺兰','莱昂纳多·迪卡普里奥 / 约瑟夫·高登-莱维特 / 艾伦·佩吉 / 汤姆·哈迪 / 渡边谦 ','staticfile/images/dmkj1.jpg','148分钟','美国/英国',NULL,NULL),('2','美丽人生 La vita è bella (1997)','1997-12-20','犹太青年圭多（罗伯托·贝尼尼）邂逅美丽的女教师多拉（尼可莱塔·布拉斯基），他彬彬有礼的向多拉鞠躬：“早安！公主！”。历经诸多令人啼笑皆非的周折后，天遂人愿，两人幸福美满的生活在一起。 \r\n　　然而好景不长，法西斯政权下，圭多和儿子被强行送往犹太人集中营。多拉虽没有犹太血统，毅然同行，与丈夫儿子分开关押在一个集中营里。聪明乐天的圭多哄骗儿子这只是一场游戏，奖品就是一辆大坦克，儿子快乐、天真的生活在纳粹的阴霾之中。尽管集中营的生活艰苦寂寞，圭多仍然带给他人很多快乐，他还趁机在纳粹的广播里问候妻子：“早安！公主！” \r\n　　法西斯政权即将倾覆，纳粹的集中营很快就要接受最后的清理，圭多编给儿子的游戏该怎么结束？他们一家能否平安的度过这黑暗的年代呢？',0,'罗伯托·贝尼尼','罗伯托·贝尼尼 / 尼可莱塔·布拉斯基 / 乔治·坎塔里尼 / 朱斯蒂诺·杜拉诺 / 赛尔乔·比尼·布斯特里克 ','staticfile/images/mlrs1.jpg','116分钟','意大利',NULL,NULL),('20','V字仇杀队 V for Vendetta (2005)','2005-12-11','未来的英国社会处于极权统治的高压下，不能容许同性恋者、异教徒等社会角色的存在，人民在黑暗政权下苟延残喘。 \r\n　　这晚，年轻女子艾薇（娜塔丽·波特曼 Natalie Portman饰）身陷险境，幸得V（雨果·维文 Hugo Weaving饰）相助。V是一个永远带着面具的神秘男子，拥有高智商和超凡战斗力。V继承了前革命英雄的使命，为了推翻荒唐极权的统治阶层，他成立了神秘的地下组织，摧毁了伦敦的标志性建筑，点燃了反政府的熊熊烈火。 \r\n　　艾薇和V深入接触，不仅得知了V的神秘使命，还渐渐发现原来自己的身世，注定了自己和V是同一条阵线的人。',0,'詹姆斯·麦克特格',' 娜塔莉·波特曼 / 雨果·维文 / 斯蒂芬·瑞 / 斯蒂芬·弗雷 / 约翰·赫特','staticfile/images/vzcsd1.jpg','132分钟','美国/英国/德国',NULL,NULL),('21','终结者2：审判日 Terminator 2: Judgment Day (1991)','1991-07-03','上一部中，超级电脑“天网”阻止人类抵抗领袖约翰·康纳诞生的行动失败，时隔13年后，在“审判日”到来之前，“天网”派出了更加先进的生化机器人T-1000（罗伯特·帕特里克 饰）从公元2029年回到洛杉矶追杀已经长大的约翰，与此同时，约翰也派出了机器人T-800（阿诺· 施瓦辛格 饰）回去保护年幼的自己。 \r\n　　此时，萨拉·康纳（琳达·汉密尔顿 饰）因为怪异的言行而住进了精神疗养院，约翰则和养父母住在一起，行为叛逆。T-800找到他们，在逃避T-1000追杀过程中，获得了二人的信任。 \r\n　　为了改变未来的历史，挽救人类的命运，萨拉、约翰和T-800 Model 101找到了“天网”之父，迈尔斯·戴森（乔·莫顿 饰），说服他销毁一切有关“天网”的资料，此时，警察和T-1000同时赶来，他们陷入了多方争斗中。',0,'詹姆斯·卡梅隆','阿诺·施瓦辛格 / 琳达·汉密尔顿 / 爱德华·福隆 / 罗伯特·帕特里克 / 阿尔·伯恩 /','staticfile/images/zjz1.jpg','137分钟','美国',NULL,NULL),('22','源代码 Source Code (2011)','2011-04-01','在阿富汗执行任务的美国空军飞行员科特史蒂文斯上尉（杰克·吉伦哈尔 Jake Gyllenhaal 饰）突然惊醒，发现自己在一辆高速行驶的列车上，而他的身边坐着一个素不相识的女子克里斯蒂安（米歇尔·莫娜汉 Michelle Monaghan 饰）正在与自己讲话。科尔不知自己为什么会在这辆车上，而且他发现自己居然是以另一个人的身份存在，正当他迷惑不解的时候，列车上忽然发生爆炸…… \r\n　　科特又一次惊醒，发现自己身处一个密闭的太空仓里，有一位女军官古德温（维拉·法米加 Vera Farmiga 饰）正在通过视频和自己对话，并要求自己报告列车上发生的事情。一头雾水的科特还没搞明白是怎么回事时，他又一次被送上那辆列车。这次之后，科特终于明白自己在执行一件任务，负责调察芝加哥火车爆炸案找到恐怖份子并查出他的下一个目标。科特被一次又一次的送上那辆高速列车，每次只有八分钟的时间调察，调察过程中，科特发现自己已在一周前去世，原来他正在参与是一项“脑波原代码”的秘密任务，这项任务通过已经死亡的科特尚未完全死亡的脑细胞影像来还原事件，调查事情的真相。最终，科特顺利完成了任务，但是他却决定再一次返回列车，拯救列车上那些无辜的生命……',0,'邓肯·琼斯','杰克·吉伦哈尔 / 维拉·法米加 / 米歇尔·莫纳汉 / 杰弗里·怀特 / 拉塞尔·皮特斯','staticfile/images/ydm1.jpg','93分钟','美国',NULL,NULL),('23','星际穿越','2014-11-07','在不远的未来，随着地球自然环境的恶化，人类面临着无法生存的威胁。这时科学家们在太阳系中的土星附近发现了一个虫洞，通过它可以打破人类的能力限制，到更遥远外太空寻找延续生命希望的机会。一个探险小组通过这个虫洞穿越到太阳系之外，他们的目标是找到一颗适合人类移民的星球。在这艘名叫做“Endurance”的飞船上，探险队员着面临着前所未有，人类思想前所未及的巨大挑战。\r\n                                                      然而，通过虫洞的时候，他们发现飞船上的一个小时相当于地球上的七年时间，即使探险小组的任务能够完成，他们的救赎对于对地球上现在活着的人来说已经是太晚。飞行员库珀（马修·麦康纳饰演）必须在与自己的儿女重逢以及拯救人类的未来之间做出抉择 。',0,'克里斯托弗·诺兰','马修·麦康纳，安妮·海瑟薇，杰西卡·查斯坦，韦斯·本特利，卡西·阿弗莱克，迈克尔·凯恩','staticfile/images/xjcy1.jpg','169分钟','美国',NULL,NULL),('24','时间旅行者的妻子','2009-08-14','《时间旅行者的妻子》由罗伯特·史文克执导，艾瑞克·巴纳和瑞秋·麦克亚当斯等联袂出演，改编自奥黛丽·尼芬格创作的一本同名小说。影片于2009年8月14日在美国上映[1]  。\r\n电影讲述一个战胜了时空阻碍的爱情故事。男主亨利自小患慢性时间错位症，每次发病都赤身裸体穿越时空，一个偶然的机会，他爱上了女主克莱尔，两人坠入爱河无法自拔，最后克服层层阻碍，共同迈进婚姻殿堂。',0,'罗伯特·斯文克','艾瑞克·巴纳，瑞秋·麦克亚当斯','staticfile/images/sjlxzdqz1.jpg','107分钟','美国',NULL,NULL),('25','无间道 無間道 (2002)','2002-12-12','1991年，香港黑帮三合会会员刘健明（刘德华）听从老大韩琛（曾志伟）的吩咐，加入警察部队成为黑帮卧底，韩琛许诺刘健明会帮其在七年后晋升为见习督察。1992年，警察训练学校优秀学员陈永仁（梁朝伟）被上级要求深入到三合会做卧底，终极目标是成为韩琛身边的红人。2002年，两人都不负重望，也都身背重压，刘健明渐想成为一个真正的好人，陈永仁则盼着尽快回归警察身份。 \r\n　　重案组从陈永仁手中获悉一批毒品交易情报，锁紧目标人物韩琛，没料情报被刘健明泄出，双方行动均告失败。但此事将双方均有卧底的事实暴露，引发双方高层清除内鬼的决心。命运迥异又相似的刘健明和陈永仁开始在无间道的旅程中接受严峻考验。',0,'刘伟强 / 麦兆辉','刘德华 / 梁朝伟 / 黄秋生 / 曾志伟 / 郑秀文 ','staticfile/images/wjd1.jpg','101分钟','中国香港',NULL,NULL),('26','勇敢的心 Braveheart (1995)','1995-05-24','威廉•华莱士童年时，其父、苏格兰民族英雄马索•华莱士在与英军的斗争中牺牲，他开始接受父亲好友的指导，学习苏格兰文化和武术。青年华莱士（梅尔•吉布森）学成回到故乡，向美丽的少女梅伦求婚，不想梅伦被英军抢去且遭杀害。在广大村民“英雄之后”的呼声中，华莱士率众揭竿起义，并与苏格兰贵族罗伯结成联盟，但不久他发现，苏格兰贵族考虑的只是自身的利益。 \r\n　　英王为缓和局势，派伊莎贝拉（苏菲•玛索）前去和华莱士谈判，由于英王只想收买华莱士，根本不顾苏格兰人民的自由和平等，谈判失败，但这一切并不为伊莎贝拉所知。伊莎贝拉归国后发现事情真相，且知晓英王正策划阴招，忙送信给华莱士，而两人的爱情，也在战争与阴谋中悄然滋生。',0,'梅尔·吉布森','梅尔·吉布森 / 苏菲·玛索 / 布莱恩·考克斯 / 詹姆斯·卡沙莫 / 辛·劳洛 ','staticfile/images/ygdx1.jpg','177分钟','美国',NULL,NULL),('27','被解救的姜戈 Django Unchained (2012)','2012-12-25','1858年，美国南北战争前两年。德国赏金猎人金·舒尔茨（克里斯托弗·瓦尔兹 Christoph Waltz饰）从贩奴商人手中买下黑奴姜戈（杰米·福克斯 Jamie Foxx饰），让其重获自由。舒尔茨实则是要把姜戈培养成无法无天的赏金猎人，为其缉拿各种通缉犯以换取报酬。姜 戈的唯一条件是：从暴虐的糖果庄园主卡尔文·坎迪（莱昂纳多·迪卡普里奥 Leonardo DiCaprio饰）手中解救出自己的妻子布鲁姆希尔达（凯丽·华盛顿 Kerry Washington饰）。本片是昆汀向1966年由塞吉奥·考布西执导的经典意大利西部片《迪亚戈》的致敬之作。 \r\n　　鬼才导演痞子昆丁三年磨一剑，继《无耻混蛋》后又一巨制力作。本片延续昆汀一贯低调奢华的风格，处处可见奇思妙想的幽默元素和血腥野性的动作场面，更有强档群戏，豪华卡司，可谓看点十足。 \r\n　　《被解放的姜戈》荣获第85届奥斯卡金像奖-最佳原创剧本大奖，克里斯托弗·沃尔兹 Christoph Waltz则凭借此片荣获最佳男配角。本片同时荣获第85届奥斯卡金像奖最佳影片、最佳摄影和最佳音效剪辑提名',0,'昆汀·塔伦蒂诺','杰米·福克斯 / 莱昂纳多·迪卡普里奥 / 克里斯托弗·沃尔兹 / 塞缪尔·杰克逊 / 凯丽·华盛顿 /','staticfile/images/bjjdjg1.jpg','163分钟','美国',NULL,NULL),('28','上帝之城 Cidade de Deus (2002)','2002-05-18','巴西里约热内卢的贫民窟，这里是“上帝之城”，更是魔鬼也会叹息着转身的地方。 \r\n　　阿炮（Alexandre Rodrigues 饰）带着我们到了这里，他见证了这里二十多年来被残暴、贪婪、复仇、野心、背叛、掠夺所裹挟的混乱生活以及最终导致的一场灾难性的黑帮争斗。虽然从小就要 辗转于匪徒间求生存，但胆小怕事的性格与自我保护的本能却使他一直能平安度日。 \r\n　　60年代初，阿毛、阿夹和阿呆是这里的“少年三侠”，在抢劫完旅馆之后，他们三人分道扬镳，阿夹重回上帝的怀抱，而阿呆和阿毛纷纷付出了生命的代价。 \r\n　　70年，当年“少年三侠”手下的小弟小豆子（Douglas Silva 饰）靠着自己的心狠手辣，不停地吞并别人的地盘，成为了贫民区的“小霸王”，生意也从抢劫升级到了更为暴利的毒品买卖，和他一起飞黄腾达的还有班尼（Phellipe Haagensen 饰）。 \r\n　　班尼认识了美丽的安迪丽卡（Alice Braga 饰），准备归隐，在送别的晚会上，他意外被对头杀害，悲痛之下，“小霸王”集合人手给班尼报仇，帮派之间的厮杀就此开始。 \r\n　　此时的阿炮，机缘巧合下成为了杂志社的见习摄影师，他的相机，照下的却是孩子们持枪荷弹的狰狞，和帮派间无休无止的仇杀。\r\n　　阿炮（Alexandre Rodrigues 饰）带着我们到了这里，他见证了这里二十多年来被残暴、贪婪、复仇、野心、背叛、掠夺所裹挟的混乱生活以及最终导致的一场灾难性的黑帮争斗。虽然从小就要 辗转于匪徒间求生存，但胆小怕事的性格与自我保护的本能却使他一直能平安度日。 \r\n　　60年代初，阿毛、阿夹和阿呆是这里的“少年三侠”，在抢劫完旅馆之后，他们三人分道扬镳，阿夹重回上帝的怀抱，而阿呆和阿毛纷纷付出了生命的代价。 \r\n　　70年，当年“少年三侠”手下的小弟小豆子（Douglas Silva 饰）靠着自己的心狠手辣，不停地吞并别人的地盘，成为了贫民区的“小霸王”，生意也从抢劫升级到了更为暴利的毒品买卖，和他一起飞黄腾达的还有班尼（Phellipe Haagensen 饰）。 \r\n　　班尼认识了美丽的安迪丽卡（Alice Braga 饰），准备归隐，在送别的晚会上，他意外被对头杀害，悲痛之下，“小霸王”集合人手给班尼报仇，帮派之间的厮杀就此开始。 \r\n　　此时的阿炮，机缘巧合下成为了杂志社的见习摄影师，他的相机，照下的却是孩子们持枪荷弹的狰狞，和帮派间无休无止的仇杀。',0,'卡迪亚·兰德 / 费尔南多·梅里尔斯','布罗里欧·曼托伐尼 / Paulo Lins\r\n主演: 亚历桑德雷·罗德里格斯 / 莱安德鲁·菲尔米诺 / 菲利佩·哈根森 / 道格拉斯·席尔瓦','staticfile/images/sdzc1.jpg','130分钟','巴西',NULL,NULL),('29','第五元素 The Fifth Element (1997)','1997-05-07','一头红发，perfect的“第五元素”莉露(Milla Jovovich饰)受命来到地球，她要协助人类与每隔五百年降临一次的邪恶力量对抗，联合风、火、水、土四块神石击退敌人。 \r\n　　在实验室被复制出来后，言语不通的莉露在躲避人类的追捕中搭上了退役特工科本（Bruce Willis饰）的出租车。科本带莉露找到了负责接头的神父，两人也渐渐的产生了好感。 \r\n　　莉露与科本一同前往一个叫“失落天堂”的星球找寻另外四种元素的神石。但是，在战斗中莉露受伤昏迷，而且由于人类的暴行和无知杀戮，莉露陷入了内心的迷惘。大敌当前，科本究竟用什么力量才能唤醒莉露呢？',0,' 吕克·贝松','布鲁斯·威利斯 / 加里·奥德曼 / 米拉·乔沃维奇 / 克里斯·塔克 / 伊安·霍姆','staticfile/images/dwys1.jpg','126分钟','法国',NULL,NULL),('3','海上钢琴师 La leggenda del pianista sull\'oceano (1998)','2017-10-28','本片讲述了一个钢琴天才传奇的一生。 \r\n　　1900年，Virginian号豪华邮轮上，一个孤儿被遗弃在头等舱，由船上的水手抚养长大，取名1900（蒂姆•罗斯 饰）。1900慢慢长大，显示出了无师自通的非凡钢琴天赋，在船上的乐队表演钢琴，每个听过他演奏的人，都被深深打动。爵士 乐鼻祖杰尼听说了1900的高超技艺，专门上船和他比赛，最后自叹弗如，黯然离去。 \r\n　　可惜，这一切的事情都发生在海上，1900从来不愿踏上陆地，直到有一天，他爱上了一个女孩，情愫在琴键上流淌。他会不会为了爱情，踏上陆地开始新的生活，用他的琴声惊艳世界？他将怎样谱写自己非凡的人生。',0,'朱塞佩·托纳多雷','蒂姆·罗斯 / 普路特·泰勒·文斯 / 比尔·努恩 / 梅兰尼·蒂埃里 / 阿尔贝托·巴斯克斯','staticfile/images/hsgqs1.jpg','165分钟','意大利',NULL,NULL),('30','通缉令 Wanted (2008)','2008-06-27','生活对小职员卫斯理（James McAvoy 饰）来说是毫无意义的重复，每天要忍受痴肥上司唠叨、好友与女友上床，还要不停用药物控制过快的心跳。这天他被一名陌生女子从疯狂枪手的追杀中救出，进入了刺客联盟的世界，救命恩人火狐（Angelina Jolie 饰）与联盟领导史隆（Morgan Freeman 饰）告知卫斯理当年抛弃他的父亲也是组织一员，最近为叛徒十字所杀，卫斯理必须尽快在严酷的训练中成长，才能自保，甚至为父报仇。 \r\n　　刺客联盟起源于纺织行会，他们按照纺织机提供的密码决定刺杀对象，从而顺应命运的安排。卫斯理很快凭借优异的天赋掌握一系列暗杀手段成为组织一员，开始执行命运赋予的任务，并逐渐接近向十字寻仇的目标，终于，史隆令卫斯理远赴东欧刺杀十字，但在这次任务中，卫斯理意外发现了组织内部的阴谋，而这一次，他不再用逃避解决问题。 ',0,'提莫·贝克曼贝托夫','詹姆斯·麦卡沃伊 / 摩根·弗里曼 / 安吉丽娜·朱莉 / 特伦斯·斯坦普 / 托马斯·克莱舒曼 ','staticfile/images/tjl1.jpg','110分钟','美国/德国',NULL,NULL),('31','猫鼠游戏 Catch Me If You Can','2002-12-16','弗兰克（莱昂纳多·迪卡普里奥 Leonardo DiCaprio饰）是FBI有史以来年龄最小的通缉犯。他的犯罪手段神通广大，伪装身份的能力超乎常人，全美各地几乎都留下他的犯罪足迹。乔装医生、律师、飞行员，统统都是他曾经的身份。当然，弗兰克凭着这个“本领”，骗取了高达几百万的金额。 \r\n　　活得逍遥快乐的弗兰克这次又成功伪造了一份学历证明，去医院做起了大夫。弗兰克不但在这里认识了护士布雷达（艾米·亚当斯 Amy Adams饰），二人擦出爱火花，还通过布雷达的父亲得到了一份检察官助理的优差。然而，这只是暴风雨前夕——一双眼睛已经盯住了弗兰克，誓要把他绳之于法不可。这就是FBI探员卡尔（汤姆·汉克斯 Tom Hanks饰）。 \r\n　　在研究追捕弗兰克的过程中，卡尔领教到这个犯罪天才的过人智商。他屡次被弗兰克这个黄毛小子捉弄，心里又恨又不得不佩服。每当弗兰克有惊无险地从他的精心布局中逃脱时，这个猫鼠游戏显得有趣起来……',0,'史蒂文·斯皮尔伯格','莱昂纳多·迪卡普里奥 / 汤姆·汉克斯 / 克里斯托弗·沃肯 / 马丁·辛 / 艾米·亚当斯 / 詹妮弗·加纳','staticfile/images/cmiyc1.jpg','141分钟','美国 ',NULL,NULL),('32','可可西里','2004-10-01','尕玉（张磊 饰）本来是个警察，为了调查藏羚羊猎杀状况，他假扮记者身份，随考察团来到可可西里——那里气候寒冷、空气稀薄，含氧量极低。就在这个人类生存的“禁区”，尕玉目睹了一幕幕人性的贪婪以及人类与环境的狂暴冲突。首先是藏羚羊保护站的巡山队员被盗猎人枪杀，接下来他们见到了悲惨的一幕：盗猎者逃走，只留下众多只剩嶙峋白骨的藏羚羊。巡山队员在恶劣的环境中追捕凶手，最终只夺回了一部份的藏羚羊皮毛。一方面要与恶劣的自然环境抗争、另一方面还要与凶残的盗猎者周旋，巡山队员和尕玉面临着生死考验。',0,'陆川','多布杰 / 张正阳 / 亓亮 / 赵雪莹 / 马占林','staticfile/images/kkxl1.jpg','85分钟','中国大陆',NULL,NULL),('33','惊天魔盗团 Now You See Me','2013-10-10','不夜赌城拉斯维加斯，豪华的表演大厅内正在进行一场前所未有的魔术表演，由丹尼尔·阿特拉斯（杰西·艾森伯格 Jesse Eisenberg 饰）、亨莉·里维斯（艾拉·菲舍尔 Isla Fisher 饰）、杰克·怀尔德（戴夫·弗兰科 Dave Franco 饰）和梅里特·麦克金尼（伍迪·哈里森 Woody Harrelson 饰）四位魔术师组成的“四骑士”配合天衣无缝，在众目睽睽之下偷来了某法国银行金库内350万欧元纸币，此举在现场至全世界引起轰动。FBI探员罗德（马克·鲁夫洛 Mark Ruffalo 饰）和国际刑警埃尔玛·德雷（梅拉尼·罗兰 Mélanie Laurent 饰）奉命对四人展开调查，却一无所获。无奈之下，他们只得求助于极具名气的揭露魔术师布莱德利（摩根·弗里曼 Morgan Freeman 饰）。 \r\n　　魔术师、盗贼、FBI探员，光影交错下最精彩的较量，连番上演……',0,'路易斯·莱特里尔','杰西·艾森伯格 / 艾拉·菲舍尔 / 伍迪·哈里森 / 戴夫·弗兰科 / 马克·鲁弗洛','staticfile/images/nysm1.jpg','115分钟','美国',NULL,NULL),('34','天下无贼','2004-12-09','王薄（刘德华 饰）和王丽（刘若英 饰）本是一对最佳贼拍档，但因怀了王薄的孩子，王丽决定收手赎罪，两人产生分歧。在火车站遇到刚刚从城市里挣了一笔钱准备回老家用它盖房子娶媳妇的农村娃子傻根（王宝强 饰）后，王丽被他的单纯打动，决定暗中保护不使他的辛苦钱失窃，王薄却寻思找合适机会下手，但 最终因为“夫妻情深”归入了王丽的阵营。 不料傻根的钱早被以黎叔（葛优 饰）为头目的另一著名扒窃团伙盯上，于是一系列围绕傻根书包里的钞票、在王薄、王丽和黎叔团伙之间展开的强强斗争上演。',0,'冯小刚','刘德华 / 刘若英 / 王宝强 / 李冰冰 / 葛优','staticfile/images/txwz1.jpg','113分钟','中国大陆',NULL,NULL),('35','亲爱的','2014-09-25','田文军（黄渤 饰）和鲁晓娟（郝蕾 饰）曾是一对恩爱的夫妻，然而，两人之间的感情却被时间和争吵消耗殆尽，最终，他们选择了离婚。如今，联系着两人的唯一枢纽，就是可爱的儿子田鹏。然而，某一天，这唯一的纽带也断裂了，田鹏于一次外出玩耍时无故失踪，绝望和崩溃之中，田文军与鲁晓娟踏 上了漫漫寻子之路，并在途中结识了许多和他们一样无助的父亲和母亲们。 \r\n　　时光匆匆流逝，一条关于田鹏的线索浮出水面，促使田文军和妻子来到了一处偏僻的村落之中，在那里，他们看到了酷似田鹏的男孩，然而，男孩口中的“妈妈”却并非鲁晓娟，而是一位名叫李红琴（赵薇 饰）的村妇，这错位的一切究竟是怎么回事？',0,'陈可辛','赵薇 / 黄渤 / 佟大为 / 郝蕾 / 张译','staticfile/images/qad1.jpg','130分钟','中国大陆',NULL,NULL),('36','杀死比尔 Kill Bill','2003-09-29','这是一部令人眼花缭乱，绝对能带给您感官刺激的动作电影。一个新娘（乌玛•瑟曼Uma Thurman饰）在自己的婚礼上遭到了暗杀，婚礼瞬间变成了一片狼籍的红色。幸运的是，新娘并没有就此消失，而是在四年后苏醒过来，并且接受了高强度的各种各样的武术训练，开始踏上了自己的复仇之路，在世界各地寻找给自己带来灾难的人。当然，她也遇到了许多阻碍。日本杀手（刘玉玲饰）就是其中之一。',0,'昆汀·塔伦蒂诺','乌玛·瑟曼 / 刘玉玲 / 薇薇卡·福克斯 / 达丽尔·汉纳','staticfile/images/kb1.jpg','111分钟','美国',NULL,NULL),('37','咒怨2','2003-05-16','女演员原濑京子（酒井法子饰）和她的未婚夫石仓将志在回家的路上发生了一起车祸。自此，将志失去了意识陷入了昏迷，京子也不幸流产。但是过不久，京子仍然感觉不适，于是再去检查，竟然被告知腹中的孩子仍然正常存在！ \r\n　　在电视台担任报道员的三浦朋香(新山千春饰)，每天晚上总是在自己的公寓里听到奇怪令人害怕的声音，于是她把男友山下典孝(堀江庆饰)叫来寻找原因。 \r\n　　剧组的拍摄依然在继续，但是奇怪的事情接二连三的发生,剧组人员的先后失踪或是时常让大家惶惶不安……',0,'清水崇','酒井法子 / 葛山信吾 / 水木薫 / 堀江庆 / 市川由衣','staticfile/images/zy1.jpeg','92分钟','日本',NULL,NULL),('38','惊声尖叫 Scream','1996-12-20','锡德尼•普雷斯科特（内芙•坎贝尔饰）的母亲去世一周年，这个本该平静的加州小镇变成了一片血海！两名学生被残忍地杀害，凶手是一位带着面具的恐怖片爱好者。警方将锡德尼的男友比尔•卢米斯（斯基特•乌尔里奇饰）定为嫌疑犯，并予以逮捕。但这时又有命案发生！神出鬼没的面具凶手仿佛死神般带走一个又一个生命，但凶手的真面目却无人知晓。夜幕降临，凶手将锡德尼身边的人一个个杀害，而被害人只能在被害前惊声尖叫。谁能够从凶手的刀下躲过，谁能揭开凶手的面具呢？',0,'韦斯·克雷文','内芙·坎贝尔 / 斯基特·乌尔里奇 / 柯特妮·考克斯 / 大卫·阿奎特 / 德鲁·巴里摩尔','staticfile/images/jsjj1.jpg','111分钟','美国',NULL,NULL),('39','笔仙','2004-07-30','从汉城转学到父母家乡的高中后，李玉甄（李世恩 饰）受到班里四个女生的欺负，为了报复，她和另外两个也常受她们欺负的同学玩起请笔仙的游戏，笔仙请来后，李玉甄施下诅咒，但也被鬼魂附身，不久，四个女生中有三人相继以自焚的方式死去，警察调查后，将目标人物锁定为李玉甄，可是此时李玉甄已 完全丧失记忆。 \r\n　　新调来的美术老师李恩珠（金圭莉 饰）第一天上课点名时，喊到29号金仁淑的名字时，全班同学厉声尖叫，令她十分不解，在心仪她的同事的帮助下，她发现有关金仁淑的秘密，而这个秘密，也与李玉甄及死去的三名女生有很大干系。',0,'安兵基','李世恩 / 金圭莉','staticfile/images/bx1.jpg','92分钟','韩国',NULL,NULL),('4','忠犬八公的故事 Hachi: A Dog\'s Tale (2009)','2009-06-13','八公（Forest 饰）是一条谜一样的犬，因为没有人知道它从哪里来。教授帕克（理查·基尔 Richard Gere 饰）在小镇的火车站拣到一只走失的小狗，冥冥中似乎注定小狗和帕克教授有着某种缘分，帕克一抱起这只小狗就再也放不下来，最终，帕克对小狗八公的疼爱感化了起初极力反对养狗的妻子卡特（琼·艾伦 Joan Allen 饰）。八公在帕克的呵护下慢慢长大，帕克上班时八公会一直把他送到车站，下班时八公也会早早便爬在车站等候，八公的忠诚让小镇的人家对它更加疼爱。有一天，八公在帕克要上班时表现异常，居然玩起了以往从来不会的捡球游戏，八公的表现让帕克非常满意，可是就是在那天，帕克因病去世。帕克的妻子、女儿安迪（萨拉·罗默尔 Sarah Roemer 饰）及女婿迈克尔（罗比·萨布莱特 Robbie Sublett 饰）怀着无比沉痛的心情埋葬了帕克，可是不明就里的八公却依然每天傍晚五点准时守候在小站的门前，等待着主人归来…… ',0,'拉斯·霍尔斯道姆','理查·基尔 / 萨拉·罗默尔 / 琼·艾伦 / 罗比·萨布莱特 / 艾瑞克·阿瓦利 / 田川洋行 / 杰森·亚历山大 / 罗伯特·卡普荣','staticfile/images/zqbg1.jpg','93分钟','美国/英国',NULL,NULL),('40','鬼来电','2003-11-03','手机里传来陌生的铃声，呼叫人竟是自己的名字，另一端传来不知所谓的留言内容，但那毫无疑问的是自己的声音，这是怎么回事？ \r\n　　“鬼来电”悄悄在高校学生中蔓延开来，一旦接到鬼来电，必然在电话所预言的时间内悲惨死去。由美（柴咲コウ饰）的好友阳子、研二、夏美先后惨死，由美有心挽救好友们的生命，却爱莫能助。 \r\n　　山下（堤真一饰）的妹妹早先亦死于这通电话，他企图帮助由美一起企图揭开真相，可很快，由美也收到了鬼来电……',0,'三池崇史','柴崎幸 / 堤真一 / 吹石一惠 / 石桥莲司 / 岸谷五朗','staticfile/images/gld1.jpg','112分钟','日本',NULL,NULL),('41','捉迷藏 Hide and Seek','2005-01-27','艾米丽（达科塔·范宁）的妈妈死在满是血泊的浴缸里，小女孩深受打击，陷入了孤僻。为了让女儿尽快走出阴霾，大卫（罗伯特·德尼罗）带着女儿搬到了乡村。在这里，艾米丽结识了她的新朋友——查理，他们一直在玩捉迷藏。可是除了艾米丽谁也不知道查理是谁，他似乎活在女儿的假象中，又似乎就游走在他们周围。 \r\n　　恐怖事件接二连三的发生，艾米丽变得愈加神情恍惚，大卫渐渐意识到问题的严重性。他开始潜心记录女儿的言行，希望阻止查理接近女儿。可是，查理究竟是谁？他藏在哪？',0,'约翰·波尔森','罗伯特·德尼罗 / 达科塔·范宁 / 法米克·詹森 / 伊丽莎白·苏 / 艾米·欧文','staticfile/images/has1.jpg','101分钟','阿根廷',NULL,NULL),('42','潜伏 Insidious','2011-04-01','在高中担任教师的乔什·莱姆波特（帕特里克·威尔森 Patrick Wilson 饰）和身为自由音乐人的妻子兰娜（罗丝·拜恩 Rose Byrne 饰）拥有一个幸福的五口之家。然而自他们乔迁新居之后，恐慌和不安便尾随而至。尚在襁褓中的女儿凯莉经常莫名大哭，次子福斯特（Andrew Astor 饰）对卧室充满恐惧，而长子达尔顿（Ty Simpkins 饰）更在一次惊吓过后陷入长久的昏迷之中。在此之后，各种奇怪恐怖的事件接连发生。莱姆波特夫妇不胜其扰，精神几近崩溃，他们最终决定搬离这个不祥之地。',0,'温子仁','萝丝·拜恩 / 帕特里克·威尔森 / Ty Simpkins / 林·沙烨 / 芭芭拉·赫希','staticfile/images/qf1.jpg','103分钟','美国',NULL,NULL),('43','贫民窟的百万富翁 Slumdog Millionaire','2008-08-30','印度青年杰玛•马利克（戴夫•帕特尔饰）还差一个问题就能赢得2千万卢比。他是怎么做到的？A：他作弊；B：他幸运；C：他是天才；D：一切命中注定。 \r\n　　这是《谁想成为百万富翁》电视猜谜节目的人生版。杰玛•马利克在已经赢得1千万卢比的情况下被警方以欺诈罪逮捕，严刑拷问下杰玛说出他获得1千万卢比的真相——他确实知道答案，但他只知道这些！ \r\n　　出身贫民窟的杰玛年幼就生活艰苦，他与哥哥沙里姆、少女拉媞卡(芙蕾达•平托饰)三人却一起经历了几十年印度的变迁。之前每一个问题，都好像是杰玛的记忆碎片，牵动他关于亲情、爱情与人生的回忆。 \r\n　　而现在，杰玛一方面要洗清自己的犯罪嫌疑，一方面要拯救与拉媞卡的爱。在金钱与爱之前，杰玛能够沉着冷静，选择出正确的答案吗？',0,'丹尼·博伊尔 ','戴夫·帕特尔 / 沙鲁巴·舒克拉 / 亚尼·卡普 / Rajendranath Zutshi / 吉尼瓦·塔瓦尔','staticfile/images/sm1.jpg','120分钟','英国 ',NULL,NULL),('44','放牛班的春天 Les choristes','2004-03-17','1949年的法国乡村，音乐家克莱门特（杰勒德•尊诺 饰）到了一间外号叫“塘低”的男子寄宿学校当助理教师。学校里的学生大部分都是难缠的问题儿童，体罚在这里司空见惯，学校的校长（弗朗西斯•贝尔兰德 饰）只顾自己的前途，残暴高压。 \r\n　　性格沉静的克莱门特尝试用自己的方法改善这种状况，他重新创作音乐作品，组织合唱团，决定用音乐的方法来打开学生们封闭的心灵。 \r\n　　然而，事情并不顺利，克莱门特发现学生皮埃尔•莫安琦（尚•巴堤•莫里耶 饰）拥有非同一般的音乐天赋，但是单亲家庭长大的他，性格异常敏感孤僻，怎样释放皮埃尔的音乐才能，让克莱门特头痛不已；同时，他与皮埃尔母亲的感情也渐渐微妙起来。',0,'克里斯托夫·巴拉蒂','热拉尔·朱尼奥 / 让-巴蒂斯特·莫尼耶 / 弗朗索瓦·贝莱昂 / 凯德·麦拉德 / 玛丽·布奈尔','staticfile/images/lc1.jpg','97分钟','法国',NULL,NULL),('45','土拨鼠之日 Groundhog Day','1993-02-12','菲尔（Bill Murray饰）是个气象播报员，每天除了在摄像机前给观众做风趣幽默的天气预报外，每年的2月2日他还要前往一个名为普苏塔尼的边境小镇，报导当地的土拨鼠日庆典。 \r\n　　事实上，菲尔对这一节日相当嗤之以鼻并开始对工作感到厌倦，当他例行公事完成今年的报导后，便急不可待地想重返家园，却因为一场突如其来的暴风雪耽搁了。 \r\n　　第2天醒来后，菲尔意外地发现时间仍然停留在前一天土拨鼠日，昨日的一切重新上演。惊讶、不信、刺激、狂喜、烦闷、焦虑、不安、绝望、倦怠等各种情绪轮流侵占菲尔的感官领域，可无论他如何选择度过这一天，他都始终无法再前进一步，开始了他重复的人生。',0,'哈罗德·雷米斯','比尔·默瑞 / 安迪·麦克道威尔 / 克里斯·艾略特 / 斯蒂芬·托布罗斯基 / 布赖恩·道尔','staticfile/images/tpoh1.jpg','101分钟','美国',NULL,NULL),('46','阿甘正传 Forrest Gump','1994-06-23','阿甘（汤姆·汉克斯 饰）于二战结束后不久出生在美国南方阿拉巴马州一个闭塞的小镇，他先天弱智，智商只有75，然而他的妈妈是一个性格坚强的女性，她常常鼓励阿甘“傻人有傻福”，要他自强不息。 \r\n　　阿甘像普通孩子一样上学，并且认识了一生的朋友和至爱珍妮（罗宾·莱特·潘 饰），在珍妮和妈妈的爱护下，阿甘凭着上帝赐予的“飞毛腿”开始了一生不停的奔跑。 \r\n　　阿甘成为橄榄球巨星、越战英雄、乒乓球外交使者、亿万富翁，但是，他始终忘不了珍妮，几次匆匆的相聚和离别，更是加深了阿甘的思念。 \r\n　　有一天，阿甘收到珍妮的信，他们终于又要见面…',0,'罗伯特·泽米吉斯','汤姆·汉克斯 / 罗宾·怀特 / 加里·西尼斯 / 麦凯尔泰·威廉逊 / 莎莉·菲尔德 ','staticfile/images/ph1.jpg','142分钟','美国',NULL,NULL),('47','当幸福来敲门 The Pursuit of Happyness','2006-12-15','克里斯•加纳（威尔·史密斯 Will Smith 饰）用尽全部积蓄买下了高科技治疗仪，到处向医院推销，可是价格高昂，接受的人不多。就算他多努力都无法提供一个良好的生活环境给妻儿，妻子（桑迪·牛顿 Thandie Newton 饰）最终选择离开家。从此他带着儿子克里斯托夫（贾登·史密斯 Jaden Smith 饰）相依为命。克里斯好不容易争取回来一个股票投资公司实习的机会，就算没有报酬，成功机会只有百分之五，他仍努力奋斗，儿子是他的力量。他看尽白眼，与儿子躲在地铁站里的公共厕所里，住在教堂的收容所里…… 他坚信，幸福明天就会来临。',0,'加布里埃莱·穆奇诺','威尔·史密斯 / 贾登·史密斯 / 坦迪·牛顿 / 布莱恩·豪威 / 詹姆斯·凯伦','staticfile/images/tpoh1.jpg','117分钟','美国',NULL,NULL),('48','录取通知 Accepted','2006-08-18','高中毕业生巴特比（贾斯汀·朗 Justin Long 饰）被无数大学拒之门外，面对父母的压力，巴特比找了一群和他有同样经历的哥们，租了一栋废弃的两层楼的楼房，自己办起了一所叫“南方哈门工业大学”的学校。这间学校的宗旨就是“谁都能来上大学”。 \r\n　　原本打算只是为了蒙混父母，没想到一下子就有全美就有几百名遭遇一样的高中毕业来报到。其中一个学生的遭遇几乎代表了这里的所有人――当他收到录取通知时，他的父母第一次对他说出了“你是我的骄傲”。巴特比他们只好忙前忙后，聘请教师、逐渐完善教学设施等。 \r\n　　随着学校的名气越来越大，引起了另一所“哈门”大学校长的注意…',0,'斯蒂夫·平克','贾斯汀·朗 / 乔纳·希尔 / 布蕾克·莱弗利 / 玛丽亚·泰耶尔 / 汉娜·马克斯 ','staticfile/images/accept1.jpg','90分钟','美国',NULL,NULL),('49','人再囧途之泰囧','2012-12-12','商业成功人士徐朗（徐峥 饰）用了五年时间发明了一种叫“油霸”的神奇产品——每次汽车加油只需加到三分之二，再滴入2滴“油霸”，油箱的汽油就会变成满满一箱。徐朗的同学，兼商业竞争对手高博（黄渤 饰）想把这个发明一次性卖给法国人。但徐朗坚决不同意，他希望深入开发研究， 把“油霸”发扬光大，得到更远的收益。两个人各抒己见，争论不休，一直无果。由于两人股份相同，唯有得到公司最大股东周扬的授权书，方可达到各自目的。当得知周扬在泰国后，徐朗立刻启程寻找。而高博获悉后将一枚跟踪器放在徐朗身上一起去了泰国。飞机上，徐朗遇到了王宝（王宝强 饰），别有心机地想利用他来摆脱对手高博的追赶，可他不仅没甩掉王宝，还成了他的“贴身保姆”…… \r\n　　究竟徐朗和高博谁会最终拿到周扬的授权书？而三个各怀目的的人，又将带来一段如何爆笑的泰国神奇之旅？',0,'徐峥','徐峥 / 王宝强 / 黄渤 / 陶虹 / 谢楠 ','staticfile/images/tj1.jpg','105分钟','中国大陆',NULL,NULL),('5','教父 The Godfather (1972)','1972-03-15','40年代的美国，“教父”维托·唐·柯里昂（马龙·白兰度 饰）是黑手党柯里昂家族的首领，带领家族从事非法的勾当，但同时他也是许多弱小平民的保护神，深得人们爱戴。 \r\n　　因为拒绝了毒枭索洛索的毒品交易要求，柯里昂家族和纽约其他几个黑手党家族的矛盾激化。圣诞前夕，索洛索劫持了“教 父”的参谋汤姆，并派人暗杀“教父”；因为内奸的出卖，“教父”的大儿子逊尼被仇家杀害；小儿子麦克（阿尔·帕西诺 饰）也被卷了进来，失去爱妻。黑手党家族之间的矛盾越来越白热化。 \r\n　　年老的“教父”面对丧子之痛怎样统领全局？黑手党之间的仇杀如何落幕？谁是家族的内奸？谁又能够成为新一代的“教父”？ \r\n　　血雨腥风和温情脉脉，在这部里程碑式的黑帮史诗巨片里真实上演。',0,'弗朗西斯·福特·科波拉','马龙·白兰度 / 阿尔·帕西诺 / 詹姆斯·肯恩 / 理查德·卡斯特尔诺 / 罗伯特·杜瓦尔 ','staticfile/images/jf1.jpg','175分钟','美国',NULL,NULL),('50','功夫瑜伽','2017-01-28','考古学教授Jack（成龙 饰）多年没有踏出学校，校长和学生都对他添油加醋的历史半信半疑。一次授课后，一个印度女孩找到Jack，用一张千年地图吸引了Jack的目光。于是Jack和挚友的儿子李琼斯（李治廷 饰）、助教小光（张艺兴 饰）组成“寻宝小分队”，为“神秘宝石”展开冒险，在迪拜和土豪飙车，在冰岛潜入神秘冰穴，在印度大战土狼，和印度贵族斗舞，动作喜剧再升级，打笑全世界。',0,'唐季礼','成龙 / 李治廷 / 张艺兴 / 索努·苏德 / 母其弥雅 ','staticfile/images/gfyj1.jpg','108分钟','中国大陆',NULL,NULL),('51','羞羞的铁拳','2017-09-30','靠打假拳混日子的艾迪生（艾伦 饰），本来和正义感十足的体育记者马小（马丽 饰）是一对冤家，没想到因为一场意外的电击，男女身体互换。性别错乱后，两人互坑互害，引发了拳坛的大地震，也揭开了假拳界的秘密，惹来一堆麻烦，最终两人在“卷莲门”副掌门张茱萸（沈腾 饰）的指点下，向恶势力挥起了羞羞的铁拳。',0,'宋阳/张吃鱼','艾伦 / 马丽 / 沈腾 / 田雨 / 宋阳 ','staticfile/images/xxdtq1.jpg','100分钟','中国大陆',NULL,NULL),('52','欢乐喜剧人','2017-03-24','岳云鹏、艾伦、潘斌龙、张小斐、张泰维等一班国内最顶尖的喜剧人排练新春特别节目，因为争当主角导致排练失败。郭德纲老师为了新春特别版的《欢乐喜剧人》能顺利录制，带他们到澳门，一起封闭排练。可岳云鹏等人却各自为政的狂欢，晚饭时分，因为两个美女的出现导致郭德纲人间蒸发！众人在找郭德纲的时候，更恐怖的事情陆续发生，团队中的成员一个接一个的被抓！而抓人的人竟是郭德纲！到底是对头人从中作梗，还是发生了灵异现象？这帮认真搞笑的谐星又要如何应付即将到来的大事件？',0,'黎继强','郭德纲 / 岳云鹏 / 罗温·艾金森 / 艾伦 / 张小斐 ','staticfile/images/hlxjr1.jpg','87分钟','中国大陆',NULL,NULL),('53','失恋33天','2011-11-08','高端婚礼策划师黄小仙（白百何 饰）做梦也想不到，相恋七年的男友居然和自己的闺蜜走到了一起，这让一向刻薄强势的她无论如何也不能忍受。可是地球并不会因为某人的失恋而停止运转，黄小仙在面对情感失意的同时，还不得不面对工作上的压力。但是，在没有了爱情的这段时间里，黄小仙发现了很 多以前根本不会去注意的东西，例如那个总是与自己针峰相对的娘娘腔同事王小贱（文章 饰）并没有那么讨厌，例如钻石王老五与河南籍港台腔女子的结合到底是什么原理，还有如何走到金婚的秘诀。在明白了种种之后，也就是在黄小仙失恋的第33天里，在那个灯火阑珊的城市里，她发现“那人”其实一直伴她左右…',0,'滕华涛','白百何 / 文章 / 张嘉译 / 王耀庆 / 张子萱 ','staticfile/images/rzjt1.jpg','110分钟','中国大陆',NULL,NULL),('54','人在囧途','2010-06-04','大老板李成功（徐峥 饰）遇上挤奶工牛耿（王宝强 饰）之后，旅途便频出状况。被情人逼迫回长沙老家跟老婆摊牌的李成功，机场遭遇到前往长沙讨债的乌鸦嘴牛耿。牛耿人如其名，不但耿直憨厚，而且透出一股傻气。先是登机前安检一口气喝完一大罐牛奶，后来又飞机上让乘务员开窗，好不容易折腾到飞机到达长沙上空，结果让他咒得因长沙大雪飞机被迫返航。无奈挤上火车硬座车厢的李成功刚松了一口气，却又一次在人群中看到牛耿。牛耿就像李成功生命中的瘟神一样，只要他“金口一开”，便会出现如他所言的意外。由于途中的频频意外，两人从火车换乘巴士，又从巴士爬上拖拉机。尽管牛耿的乌鸦嘴让李成功吃尽苦头，但这个混身透着傻气的青年却用自己真诚与乐观感染着李成功。一路的颠簸之后，两人最终到达长沙又回到各自的生活轨迹中去，然而旅途中所遭遇的种种却影响着两人之后的生活…… ',0,'叶伟民','徐峥 / 王宝强 / 李曼 / 李小璐 / 左小青 ','staticfile/images/accept1.jpg','91分钟','中国大陆',NULL,NULL),('55','珍珠港 Pearl Harbor','2001-08-10','雷夫（本•阿弗莱特）和丹尼（乔什•哈奈特）是一对自小玩在一起的好兄弟，两人对飞行都有很大兴趣，曾一起学习过驾驶飞机，二战初期，两人又一起加入了美国空军部队。受训期间，雷夫与军中医院里的女护士伊弗琳（凯特•贝金赛尔）坠入爱河。 \r\n　　为协助欧洲各国抵抗纳粹德国的侵略，美军决定派出精英部队前往欧洲大陆，雷夫自告奋勇前往参战，并将伊弗琳托付给丹尼照顾，不久，噩耗传来，雷夫的飞机在空战中不幸被德军击落，生还可能几乎为零。伊弗琳与丹尼在相互勉励的伤痛中，萌生爱情。令他们没想到的是，雷夫并没死去，当三人重聚首时，尴尬顿生。日军偷袭珍珠港一事帮他们解了围，雷夫与丹尼决定不做情敌做战友。',0,'迈克尔·贝','本·阿弗莱克 / 乔什·哈奈特 / 凯特·贝金赛尔 / 小库珀·古丁 / 强·沃特 ','staticfile/images/ph1.jpg','183分钟','美国',NULL,NULL),('56','辛德勒的名单 Schindler\'s List','1993-11-30','1939年，波兰在纳粹德国的统治下，党卫军对犹太人进行了隔离统治。德国商人奥斯卡·辛德勒（连姆·尼森 Liam Neeson 饰）来到德军统治下的克拉科夫，开设了一间搪瓷厂，生产军需用品。凭着出众的社交能力和大量的金钱，辛德勒和德军建立了良好的关系，他的工厂雇用犹太人工作，大发战争财。 \r\n　　1943年，克拉科夫的犹太人遭到了惨绝人寰的大屠杀，辛德勒目睹这一切，受到了极大的震撼，他贿赂军官，让自己的工厂成为集中营的附属劳役营，在那些疯狂屠杀的日子里，他的工厂也成为了犹太人的避难所。 \r\n　　1944年，德国战败前夕，屠杀犹太人的行动越发疯狂，辛德勒向德军军官开出了1200人的名单，倾家荡产买下了这些犹太人的生命。在那些暗无天日的岁月里，拯救一个人，就是拯救全世界。',0,'史蒂文·斯皮尔伯格','连姆·尼森 / 本·金斯利 / 拉尔夫·费因斯 / 卡罗琳·古多尔 / 乔纳森·萨加尔 ','staticfile/images/sl1.jpg','195分钟','美国',NULL,NULL),('57','战狼2','2017-07-27','故事发生在非洲附近的大海上，主人公冷锋（吴京 饰）遭遇人生滑铁卢，被“开除军籍”，本想漂泊一生的他，正当他打算这么做的时候，一场突如其来的意外打破了他的计划，突然被卷入了一场非洲国家叛乱，本可以安全撤离，却因无法忘记曾经为军人的使命，孤身犯险冲回沦陷区，带领身陷屠杀中的同胞和难民，展开生死逃亡。随着斗争的持续，体内的狼性逐渐复苏，最终孤身闯入战乱区域，为同胞而战斗。',0,'吴京','吴京 / 弗兰克·格里罗 / 吴刚 / 张翰 / 卢靖姗 ','staticfile/images/zl1.jpg','123分钟','中国大陆',NULL,NULL),('58','血战钢锯岭 Hacksaw Ridge','2016-12-08','1945年，第二次世界大战接近尾声，作为邪恶轴心重要成员的日本，其嚣张态势已成强弩之末。是年，决定战局走向的冲绳岛战役拉开序幕，成千上万斗志昂扬的美国大兵被派往冲绳，等待他们的则是敌军重兵防守、凶险异常的钢锯岭。在这群人中间，却有一个不愿拿起武器的军医。他名叫戴斯蒙德·道斯（安德鲁·加菲尔德 Andrew Garfield 饰），来自美国的弗吉尼亚。太平洋爆发之际，瘦弱的戴斯蒙德志愿成为救死扶伤的军医而应征入伍。可因童年和家庭的原因，他始终不愿拿起枪支操练，为此宁愿背上拒服兵役的罪名被送上军事法庭。几经周折，戴斯蒙德最终和战友来到了钢锯岭。枪林弹雨，转瞬之间无数人应声倒地。在信仰和信念的支持下，戴斯蒙德仅凭一己之力拯救了数十条濒死的生命……',0,'梅尔·吉布森','安德鲁·加菲尔德 / 萨姆·沃辛顿 / 文斯·沃恩 / 雨果·维文 / 卢克·布雷西','staticfile/images/hr1.jpg','139分钟','美国',NULL,NULL),('59','敦刻尔克 Dunkirk','2017-07-21','故事改编自著名的二战军事事件“敦刻尔克大撤退”。二战初期，40万英法盟军被敌军围困于敦刻尔克的海滩之上，面对敌军步步逼近的绝境，形势万分危急。英国政府和海军发动大批船员，动员人民起来营救军队。 \r\n　　英国士兵汤米（菲昂·怀特海德 Fionn Whitehead 饰）在逃离海滩的过程中相继结识吉布森与亚历克斯，同时民用船主道森先生（马克·里朗斯 Mark Rylance 饰）与儿子彼得、17岁少年乔治也离开英国，去往敦刻尔克拯救士兵。三人陆续搭救了海军（基里安·墨菲 Cillian Murphy 饰）、飞行员柯林斯及汤米一行人，而战斗机飞行员法瑞尔（汤姆·哈迪 Tom Hardy 饰）则在被敌人双面夹击的艰难情形下顽强战斗。 \r\n　　影片的故事从陆、海、空三个角度讲述，在德国军队的包围下，每个人不得不为自己的命运背水一战，才有可能活着回家。',0,'克里斯托弗·诺兰','菲恩·怀特海德 / 汤姆·格林-卡尼 / 杰克·劳登 / 哈里·斯泰尔斯 / 阿奈林·巴纳德','staticfile/images/dkrk1.jpg','107分钟','美国',NULL,NULL),('6','触不可及 Intouchables (2011)','2011-11-02','因为一次跳伞事故，白人富翁菲利普Philippe（弗朗索瓦·克鲁塞 François Cluzet 饰）瘫痪在床，欲招聘一名全职陪护。由于薪酬高，应聘者云集，个个舌灿莲花，却无法打动他的心。直到黑人德希斯Driss（奥玛·赛 Omar Sy 饰）的出现才让他作出决定。德希斯刚从监狱出来，背负家庭重担，一心只想寻张辞退信以申领救济金，而且他明显对女助理的兴趣要远大于这份工作。但是菲利普还是一眼相中了这个小伙子。于是，德希斯开始了一个月的试用期。虽然舒适的豪宅环境让他倍感虚荣，但是他仍面临很多挑战：不仅要为菲利普作身体复健，还得给他洗浴、灌肠、拆信、穿丝袜等。起初，两人的思维方式与价值观大相径庭，但是，随着了解的不断深入，他们成为了朋友……',0,'奥利维埃·纳卡什/埃里克·托莱达诺','弗朗索瓦·克鲁塞 / 奥玛·希 / 安娜·勒尼 / 奥德雷·弗勒罗 / 托马·索利韦尔','staticfile/images/cbkj1.jpg','112分钟','法国',NULL,NULL),('60','拯救大兵瑞恩 Saving Private Ryan','1998-07-24','瑞恩（马特•达蒙 Matt Damon饰 ）是二战期间的美国伞兵，被困在了敌人后方。更不幸的是，他的三个兄弟全部在战争中死亡，如果他也遇难，家中的老母亲将无依无靠。 \r\n　　美国作战总指挥部知道了这个情况，毅然决定组织一个小分队前往救援，其中包括米勒上尉（汤姆•汉克斯 Tom Hanks 饰 ）和翻译厄本（杰里米.戴维斯 Jererry Davies饰）。然而，敌方危险重重，他们一路上随时与死亡打交道。他们非常怀疑，到底值不值得冒着八个人的生命危险，去搭救一个人。 \r\n　　大家一路辗转寻找瑞恩，对于这次搭救行动，有人不满，有人热忱，有人好奇。大家一次次闻到死神的气息，瑞恩的获救付出了沉重的代价',0,'史蒂文·斯皮尔伯格','汤姆·汉克斯 / 汤姆·塞兹摩尔 / 爱德华·伯恩斯 / 巴里·佩珀 / 亚当·戈德堡','staticfile/images/spr1.jpg','69分钟','美国',NULL,NULL),('7','机器人总动员 WALL·E (2008)','2008-06-27','公元2805年，人类文明高度发展，却因污染和生活垃圾大量增加使得地球不再适于人类居住。地球人被迫乘坐飞船离开故乡，进行一次漫长无边的宇宙之旅。临行前他们委托Buynlarge的公司对地球垃圾进行清理，该公司开发了名为WALL·E（Waste Allocation Loa d Lifters – Earth 地球废品分装员）的机器人担当此重任。 \r\n　　这些机器人按照程序日复一日、年复一年辛勤工作，但随着时间的流逝和恶劣环境的侵蚀，WALL·E们接连损坏、停止运动。最后只有一个仍在进行这项似乎永无止境的工作。经历了漫长的岁月，它开始拥有了自己的意识。它喜欢将收集来的宝贝小心翼翼藏起，喜欢收工后看看几百年前的歌舞片，此外还有一只蟑螂朋友作伴。直到有一天，一艘来自宇宙的飞船打破了它一成不变的生活…… ',0,'安德鲁·斯坦顿','本·贝尔特 / 艾丽莎·奈特 / 杰夫·格尔林 / 佛莱德·威拉特','staticfile/images/jqrzdy1.jpg','98分钟','美国',NULL,NULL),('8','龙猫 となりのトトロ (1988)','1988-04-16','小月的母亲生病住院了，父亲带着她与四岁的妹妹小梅到乡间的居住。她们对那里的环境都感到十分新奇，也发现了很多有趣的事情。她们遇到了很多小精灵，她们来到属于她们的环境中，看到了她们世界中很多的奇怪事物，更与一只大大胖胖的龙猫成为了朋友。龙猫与小精灵们利用他们的神奇力量，为小月与妹妹带来了很多神奇的景观，令她们大开眼界。 \r\n　　妹妹小梅常常挂念生病中的母亲，嚷着要姐姐带着她去看母亲，但小月拒绝了。小梅竟然自己前往，不料途中迷路了，小月只好寻找她的龙猫及小精灵朋友们帮助',0,'宫崎骏','日高法子 / 坂本千夏 / 糸井重里 / 岛本须美 / 北林谷荣 / 高木均 / 雨笠利幸 / 丸山裕子 /','staticfile/images/lm1.jpg','86分钟','日本',NULL,NULL),('9','哪吒闹海 (1979)','1979-05-19','商末时期，陈塘关总兵李靖的夫人怀胎3年6个月，最终生下一个肉球，肉球中跳出一个伶俐可爱的男孩。李靖原当他是妖孽欲杀之而后快，幸太乙真人前来收之为徒，赐名哪吒，并赐以乾坤圈和混天绫两件宝贝。某年，天下大旱，甘露未降。哪吒和家将到东海洗澡玩耍。他用混天绫搅动海水，撼动龙宫，惹出巡海夜叉李艮和龙王三太子敖丙。几番言语不和，哪吒杀此二人，由此闯下通天大祸。四海龙王齐聚陈塘关索命，为救一方百姓，哪吒决定交出生命…… \r\n　　本片根据《封神演义》故事改编，并荣获1980年电影百花奖最佳美术片奖；文化部1979年优秀影片奖、青年优秀创作奖；1983年菲律宾马尼拉国际电影节特别奖；1988年法国布尔波拉斯文化俱乐部青年国际动画电影节评委奖和宽银幕长动画片奖',0,'严定宪/王树忱/徐景达','王树忱','staticfile/images/nznh1.jpg','98分钟','中国大陆',NULL,NULL);

/*Table structure for table `movie_type` */

DROP TABLE IF EXISTS `movie_type`;

CREATE TABLE `movie_type` (
  `movie_id` varchar(50) DEFAULT NULL,
  `type_id` varchar(50) DEFAULT NULL
) ENGINE=InnoDB DEFAULT CHARSET=utf8;

/*Data for the table `movie_type` */

insert  into `movie_type`(`movie_id`,`type_id`) values ('1','1'),('1','6'),('2','1'),('2','3'),('2','9'),('3','1'),('4','1'),('5','1'),('5','6'),('6','1'),('6','9'),('7','2'),('7','3'),('7','4'),('7','9'),('8','2'),('8','4'),('9','2'),('9','6'),('10','2'),('10','9'),('11','1'),('11','2'),('12','2'),('12','4'),('13','1'),('13','3'),('13','9'),('14','1'),('14','3'),('15','1'),('15','10'),('16','1'),('16','3'),('18','1'),('18','3'),('17','1'),('17','3'),('18','1'),('18','3'),('19','4'),('19','6'),('20','5'),('20','6'),('21','4'),('21','5'),('21','6'),('22','4'),('23','1'),('23','4'),('24','3'),('24','4'),('25','1'),('25','6'),('26','1'),('26','5'),('26','10'),('27','1'),('27','5'),('28','1'),('28','6'),('29','4'),('29','5'),('30','5'),('30','6'),('31','1'),('31','6'),('32','6'),('33','6'),('34','1'),('34','2'),('34','6'),('35','6'),('36','2'),('36','6'),('37','7'),('37','7'),('38','7'),('39','7'),('40','7'),('41','7'),('42','7'),('43','8'),('44','8'),('45','1'),('45','8'),('45','9'),('46','1'),('46','8'),('47','1'),('47','8'),('48','8'),('48','9'),('49','9'),('50','9'),('50','5'),('51','9'),('52','9'),('53','9'),('53','3'),('54','9'),('55','10'),('55','1'),('56','1'),('56','10'),('57','10'),('57','5'),('58','10'),('59','10'),('60','10');

/*Table structure for table `role` */

DROP TABLE IF EXISTS `role`;

CREATE TABLE `role` (
  `role_id` varchar(50) NOT NULL,
  `role_name` varchar(50) DEFAULT NULL,
  PRIMARY KEY (`role_id`)
) ENGINE=InnoDB DEFAULT CHARSET=utf8;

/*Data for the table `role` */

insert  into `role`(`role_id`,`role_name`) values ('1','用户'),('2','总管理员'),('3','用户管理员'),('4','电影管理员');

/*Table structure for table `role_user` */

DROP TABLE IF EXISTS `role_user`;

CREATE TABLE `role_user` (
  `user_id` varchar(50) DEFAULT NULL,
  `role_id` varchar(50) DEFAULT NULL
) ENGINE=InnoDB DEFAULT CHARSET=utf8;

/*Data for the table `role_user` */

insert  into `role_user`(`user_id`,`role_id`) values ('aaa','1');

/*Table structure for table `score` */

DROP TABLE IF EXISTS `score`;

CREATE TABLE `score` (
  `movie_id` varchar(40) DEFAULT NULL,
  `user_id` varchar(50) DEFAULT NULL,
  `score` double DEFAULT NULL,
  `create_time` date DEFAULT NULL,
  `update_time` date DEFAULT NULL
) ENGINE=InnoDB DEFAULT CHARSET=utf8;

/*Data for the table `score` */

insert  into `score`(`movie_id`,`user_id`,`score`,`create_time`,`update_time`) values ('1','1',9.7,'2017-10-05','2017-10-05'),('2','2',9.6,'2017-10-06','2017-10-06'),('3','3',9.7,'2017-10-12','2017-10-12'),('4','4',9.6,'2017-10-09','2017-10-09'),('5','5',9.7,'2017-10-19','2017-10-19');

/*Table structure for table `type` */

DROP TABLE IF EXISTS `type`;

CREATE TABLE `type` (
  `type_id` varchar(50) NOT NULL,
  `type_name` varchar(50) DEFAULT NULL,
  PRIMARY KEY (`type_id`)
) ENGINE=InnoDB DEFAULT CHARSET=utf8;

/*Data for the table `type` */

insert  into `type`(`type_id`,`type_name`) values ('1','剧情'),('10','战争'),('2','动画'),('3','爱情'),('4','科幻'),('5','动作'),('6','犯罪'),('7','恐怖'),('8','励志'),('9','喜剧');

/*Table structure for table `user` */

DROP TABLE IF EXISTS `user`;

CREATE TABLE `user` (
  `user_id` varchar(40) NOT NULL,
  `username` varchar(30) DEFAULT NULL,
  `password` varchar(40) DEFAULT NULL,
  `state` int(11) DEFAULT NULL COMMENT '0代表未激活/1代表激活',
  `ban` int(11) DEFAULT NULL COMMENT '1代表禁用',
  `create_time` date DEFAULT NULL,
  `update_time` date DEFAULT NULL,
  PRIMARY KEY (`user_id`)
) ENGINE=InnoDB DEFAULT CHARSET=utf8;

/*Data for the table `user` */

insert  into `user`(`user_id`,`username`,`password`,`state`,`ban`,`create_time`,`update_time`) values ('0c04769b-e06e-4195-8594-2a318236a172','admin','admin',0,0,'2017-10-20',NULL),('1','孙权','sunquan',1,0,'2017-10-03','2017-10-03'),('2','周瑜','zhouyu',1,0,'2017-10-07','2017-10-07'),('3','赵云','zhaoyun',1,0,'2017-10-04','2017-10-07'),('4','司马懿','simayi',1,0,'2017-10-17','2017-10-18'),('5','曹操','caocao',1,0,'2017-10-19','2017-10-19');

/*Table structure for table `user_info` */

DROP TABLE IF EXISTS `user_info`;

CREATE TABLE `user_info` (
  `user_info_id` varchar(50) NOT NULL,
  `name` varchar(50) DEFAULT NULL,
  `age` int(11) DEFAULT NULL,
  `gender` char(2) DEFAULT NULL,
  `sign` varchar(255) DEFAULT NULL,
  `email` varchar(50) DEFAULT NULL,
  `phone` varchar(20) DEFAULT NULL,
  `hpic` varchar(255) DEFAULT NULL,
  `nickname` varchar(20) DEFAULT NULL,
  `create_time` date DEFAULT NULL,
  `update_time` date DEFAULT NULL,
  PRIMARY KEY (`user_info_id`)
) ENGINE=InnoDB DEFAULT CHARSET=utf8;

/*Data for the table `user_info` */

insert  into `user_info`(`user_info_id`,`name`,`age`,`gender`,`sign`,`email`,`phone`,`hpic`,`nickname`,`create_time`,`update_time`) values ('0c04769b-e06e-4195-8594-2a318236a172',NULL,NULL,NULL,NULL,'11@11.11','13906569268',NULL,NULL,'2017-10-20',NULL),('1','孙权',34,'男','东吴是我的!','178@163.com','110','qwe','孙孙','2017-10-03','2017-10-03'),('2','周瑜',27,'男','我很帅','166@qq.com','114','2','周郎','2017-10-07','2017-10-07'),('3','赵云',30,'男','我很酷','110@qq.com','342','ert','子龙','2017-10-04','2017-10-07'),('4','司马懿',49,'男','我','423@qq.com','354','111','唉唉','2017-10-17','2017-10-18'),('5','曹操',46,'男','我的我的','234@qq.com','1','uyu','孟德','2017-10-19','2017-10-19');

/*Table structure for table `user_type` */

DROP TABLE IF EXISTS `user_type`;

CREATE TABLE `user_type` (
  `user_id` varchar(50) DEFAULT NULL,
  `type_id` varchar(50) DEFAULT NULL
) ENGINE=InnoDB DEFAULT CHARSET=utf8;

/*Data for the table `user_type` */

/*!40101 SET SQL_MODE=@OLD_SQL_MODE */;
/*!40014 SET FOREIGN_KEY_CHECKS=@OLD_FOREIGN_KEY_CHECKS */;
/*!40014 SET UNIQUE_CHECKS=@OLD_UNIQUE_CHECKS */;
/*!40111 SET SQL_NOTES=@OLD_SQL_NOTES */;
